Title,Artist,Language,Spotify URL,Genre,Movie/Band Name
Forever Between Us (you and me forever),Mohit Chauhan,Hindi,https://open.spotify.com/track/HI_ROM_900018,Romantic,Movie: Original Soundtrack
Perfect (I'm dancing in the dark),Ed Sheeran,English,https://open.spotify.com/track/EN_ROM_900042,Romantic,Album: ÷ (Divide)
Promise of Time (hold me close),Arijit Singh,Hindi,https://open.spotify.com/track/HI_ROM_900036,Romantic,Album: Bollywood Hits
Moonlight and You (in your eyes),Christina Perri,English,https://open.spotify.com/track/EN_ROM_900076,Romantic,Album: Various
Whispers Again (hold me close),Bruno Mars,English,https://open.spotify.com/track/EN_ROM_900053,Romantic,Album: Various
Heartbeat and You (endless love),Jeet Gannguli,Bengali,https://open.spotify.com/track/BE_ROM_900091,Romantic,Single
Forever Tonight (endless love),Coldplay,English,https://open.spotify.com/track/EN_ROM_900056,Romantic,Album: Singles
Sunrise Tonight (hold me close),Anupam Roy,Bengali,https://open.spotify.com/track/BE_ROM_900123,Romantic,Band: Various
Midnight Always (falling for you),Nachiketa,Bengali,https://open.spotify.com/track/BE_ROM_900093,Romantic,Album: Bengali Hits
Waves Tonight (my heart beats for you),Mohit Chauhan,Hindi,https://open.spotify.com/track/HI_ROM_900004,Romantic,Movie: Original Soundtrack
Moonlight Forever (in your eyes),Lata Mangeshkar,Hindi,https://open.spotify.com/track/HI_ROM_900027,Romantic,Album: Bollywood Hits
Waves Tonight (you and me forever),Arijit Singh,Bengali,https://open.spotify.com/track/BE_ROM_900116,Romantic,Album: Bengali Hits
Whispers of Love (you are my heart),John Legend,English,https://open.spotify.com/track/EN_ROM_900044,Romantic,Album: Various
Sunrise Always (you are my heart),Cactus,Bengali,https://open.spotify.com/track/BE_ROM_900096,Romantic,Single
Promise Between Us (hold me close),Atif Aslam,Hindi,https://open.spotify.com/track/HI_ROM_900019,Romantic,Album: Bollywood Hits
Thinking Out Loud (Take me into your loving arms),Ed Sheeran,English,https://open.spotify.com/track/EN_ROM_900077,Romantic,Album: x
Tum Se Hi (Tum se hi),Mohit Chauhan,Hindi,https://open.spotify.com/track/HI_ROM_900010,Romantic,Movie: Jab We Met
Midnight Without You (in your eyes),Hemanta Mukherjee,Bengali,https://open.spotify.com/track/BE_ROM_900101,Romantic,Band: Various
Heartbeat Always (you and me forever),KK,Hindi,https://open.spotify.com/track/HI_ROM_900011,Romantic,Album: Bollywood Hits
Ei Mon Tomake Dilam (Ei mon tomake dilam),Anupam Roy,Bengali,https://open.spotify.com/track/BE_ROM_900114,Romantic,Movie: Autograph
Thinking Out Loud (Take me into your loving arms),Ed Sheeran,English,https://open.spotify.com/track/EN_ROM_900047,Romantic,Album: x
Forever Between Us (you are my heart),Christina Perri,English,https://open.spotify.com/track/EN_ROM_900078,Romantic,Artist: Various
Tum Hi Ho (Tere liye),Arijit Singh,Hindi,https://open.spotify.com/track/HI_ROM_900000,Romantic,Movie: Aashiqui 2
Sunrise Always (you and me forever),Shreya Ghoshal,Hindi,https://open.spotify.com/track/HI_ROM_900026,Romantic,Movie: Original Soundtrack
Midnight Forever (in your eyes),Sunidhi Chauhan,Hindi,https://open.spotify.com/track/HI_ROM_900031,Romantic,Album: Bollywood Hits
A Thousand Years (I have died everyday),Christina Perri,English,https://open.spotify.com/track/EN_ROM_900067,Romantic,Album: A Thousand Years
Always and You (you are my heart),Atif Aslam,Hindi,https://open.spotify.com/track/HI_ROM_900012,Romantic,Movie: Various
Moonlight of Time (in your eyes),Shreya Ghoshal,Hindi,https://open.spotify.com/track/HI_ROM_900024,Romantic,Movie: Various
Heartbeat of Time (you and me forever),Ed Sheeran,English,https://open.spotify.com/track/EN_ROM_900045,Romantic,Album: Singles
Always in You (hold me close),Hemanta Mukherjee,Bengali,https://open.spotify.com/track/BE_ROM_900108,Romantic,Album: Bengali Hits
Tomake Chai (Tomake chai),Nachiketa,Bengali,https://open.spotify.com/track/BE_ROM_900089,Romantic,Album: Tomake Chai
Waves and You (my heart beats for you),Ed Sheeran,English,https://open.spotify.com/track/EN_ROM_900073,Romantic,Album: Various
Promise of Love (in your eyes),John Legend,English,https://open.spotify.com/track/EN_ROM_900064,Romantic,Album: Singles
Pehla Nasha (Pehla nasha),Udit Narayan,Hindi,https://open.spotify.com/track/HI_ROM_900015,Romantic,Movie: Jo Jeeta Wohi Sikandar
Forever of Time (my heart beats for you),Rupam Islam,Bengali,https://open.spotify.com/track/BE_ROM_900112,Romantic,Album: Bengali Hits
Waves Forever (my heart beats for you),Mohit Chauhan,Hindi,https://open.spotify.com/track/HI_ROM_900022,Romantic,Album: Bollywood Hits
Tum Se Hi (Tum se hi),Mohit Chauhan,Hindi,https://open.spotify.com/track/HI_ROM_900040,Romantic,Movie: Jab We Met
Midnight Tonight (in your eyes),Sam Smith,English,https://open.spotify.com/track/EN_ROM_900081,Romantic,Album: Various
Waves Tonight (falling for you),Nachiketa,Bengali,https://open.spotify.com/track/BE_ROM_900085,Romantic,Album: Bengali Hits
Tum Hi Ho (Tere liye),Arijit Singh,Hindi,https://open.spotify.com/track/HI_ROM_900030,Romantic,Movie: Aashiqui 2
Amaro Porano Jaha Chay (Amaro porano jaha chay),Rabindranath Tagore,Bengali,https://open.spotify.com/track/BE_ROM_900094,Romantic,Rabindra Sangeet
Moonlight Without You (endless love),The Weeknd,English,https://open.spotify.com/track/EN_ROM_900055,Romantic,Album: Various
Whispers Tonight (in your eyes),A.R. Rahman,Hindi,https://open.spotify.com/track/HI_ROM_900009,Romantic,Album: Bollywood Hits
Midnight Forever (you and me forever),Kishore Kumar,Hindi,https://open.spotify.com/track/HI_ROM_900033,Romantic,Album: Bollywood Hits
Perfect (I'm dancing in the dark),Ed Sheeran,English,https://open.spotify.com/track/EN_ROM_900062,Romantic,Album: ÷ (Divide)
Pehla Nasha (Pehla nasha),Udit Narayan,Hindi,https://open.spotify.com/track/HI_ROM_900025,Romantic,Movie: Jo Jeeta Wohi Sikandar
Tumi Jake Bhalobasho (Tumi jake bhalobasho),Anupam Roy,Bengali,https://open.spotify.com/track/BE_ROM_900119,Romantic,Movie: Piku
Whispers Forever (my heart beats for you),Arijit Singh,Hindi,https://open.spotify.com/track/HI_ROM_900028,Romantic,Album: Bollywood Hits
Echoes Tonight (hold me close),Imagine Dragons,English,https://open.spotify.com/track/EN_ROM_900066,Romantic,Artist: Various
Heartbeat Forever (endless love),Papon,Bengali,https://open.spotify.com/track/BE_ROM_900122,Romantic,Single
Dil Diyan Gallan (Dil diyan gallan),Atif Aslam,Hindi,https://open.spotify.com/track/HI_ROM_900005,Romantic,Movie: Tiger Zinda Hai
Waves Between Us (in your eyes),Sam Smith,English,https://open.spotify.com/track/EN_ROM_900065,Romantic,Album: Various
Heartbeat of Time (hold me close),Christina Perri,English,https://open.spotify.com/track/EN_ROM_900070,Romantic,Album: Singles
Always and You (you and me forever),Papon,Hindi,https://open.spotify.com/track/HI_ROM_900039,Romantic,Album: Bollywood Hits
Moonlight of Love (endless love),The Weeknd,English,https://open.spotify.com/track/EN_ROM_900049,Romantic,Album: Various
Pehla Nasha (Pehla nasha),Udit Narayan,Hindi,https://open.spotify.com/track/HI_ROM_900035,Romantic,Movie: Jo Jeeta Wohi Sikandar
Always in You (my heart beats for you),Papon,Hindi,https://open.spotify.com/track/HI_ROM_900016,Romantic,Movie: Original Soundtrack
Whispers of Love (falling for you),Bruno Mars,English,https://open.spotify.com/track/EN_ROM_900068,Romantic,Artist: Various
Forever of Time (endless love),Kishore Kumar,Hindi,https://open.spotify.com/track/HI_ROM_900034,Romantic,Movie: Original Soundtrack
Midnight Again (endless love),Nachiketa,Bengali,https://open.spotify.com/track/BE_ROM_900115,Romantic,Single
Always Between Us (hold me close),Sunidhi Chauhan,Hindi,https://open.spotify.com/track/HI_ROM_900007,Romantic,Movie: Various
Always and You (my heart beats for you),Fossils,Bengali,https://open.spotify.com/track/BE_ROM_900118,Romantic,Album: Bengali Hits
Promise Forever (you are my heart),Imagine Dragons,English,https://open.spotify.com/track/EN_ROM_900043,Romantic,Artist: Various
Heartbeat Between Us (endless love),Arijit Singh,Bengali,https://open.spotify.com/track/BE_ROM_900095,Romantic,Band: Various
Whispers Forever (you are my heart),Sam Smith,English,https://open.spotify.com/track/EN_ROM_900069,Romantic,Artist: Various
Echoes Tonight (in your eyes),Hemanta Mukherjee,Bengali,https://open.spotify.com/track/BE_ROM_900100,Romantic,Single
Heartbeat Again (in your eyes),Arijit Singh,Bengali,https://open.spotify.com/track/BE_ROM_900105,Romantic,Single
Heartbeat Between Us (you are my heart),Lata Mangeshkar,Hindi,https://open.spotify.com/track/HI_ROM_900008,Romantic,Movie: Various
Echoes Again (endless love),Atif Aslam,Hindi,https://open.spotify.com/track/HI_ROM_900013,Romantic,Movie: Various
Ei Mon Tomake Dilam (Ei mon tomake dilam),Anupam Roy,Bengali,https://open.spotify.com/track/BE_ROM_900109,Romantic,Movie: Autograph
Always Without You (you are my heart),Arijit Singh,Hindi,https://open.spotify.com/track/HI_ROM_900003,Romantic,Album: Bollywood Hits
Waves Without You (my heart beats for you),Sunidhi Chauhan,Hindi,https://open.spotify.com/track/HI_ROM_900017,Romantic,Movie: Various
Midnight and You (in your eyes),A.R. Rahman,Hindi,https://open.spotify.com/track/HI_ROM_900038,Romantic,Movie: Various
Make You Feel My Love (When the rain is blowing in your face),Adele,English,https://open.spotify.com/track/EN_ROM_900072,Romantic,Album: 19
Sunrise of Love (my heart beats for you),Anupam Roy,Bengali,https://open.spotify.com/track/BE_ROM_900097,Romantic,Single
Forever in You (you and me forever),Sunidhi Chauhan,Hindi,https://open.spotify.com/track/HI_ROM_900006,Romantic,Movie: Original Soundtrack
Whispers in You (you are my heart),Ed Sheeran,English,https://open.spotify.com/track/EN_ROM_900080,Romantic,Album: Singles
Promise Between Us (my heart beats for you),Cactus,Bengali,https://open.spotify.com/track/BE_ROM_900107,Romantic,Album: Bengali Hits
Whispers Again (in your eyes),Fossils,Bengali,https://open.spotify.com/track/BE_ROM_900110,Romantic,Band: Various
Forever of Time (you and me forever),Maroon 5,English,https://open.spotify.com/track/EN_ROM_900054,Romantic,Album: Various
Heartbeat of Time (my heart beats for you),The Weeknd,English,https://open.spotify.com/track/EN_ROM_900050,Romantic,Album: Various
Forever Between Us (you and me forever),Imagine Dragons,English,https://open.spotify.com/track/EN_ROM_900083,Romantic,Artist: Various
Waves in You (hold me close),Bruno Mars,English,https://open.spotify.com/track/EN_ROM_900046,Romantic,Album: Various
Ei Mon Tomake Dilam (Ei mon tomake dilam),Anupam Roy,Bengali,https://open.spotify.com/track/BE_ROM_900084,Romantic,Movie: Autograph
Forever Forever (hold me close),Maroon 5,English,https://open.spotify.com/track/EN_ROM_900061,Romantic,Album: Various
Sunrise in You (hold me close),Rupam Islam,Bengali,https://open.spotify.com/track/BE_ROM_900121,Romantic,Album: Bengali Hits
Moonlight Forever (hold me close),Christina Perri,English,https://open.spotify.com/track/EN_ROM_900079,Romantic,Artist: Various
Heartbeat Always (you are my heart),Papon,Bengali,https://open.spotify.com/track/BE_ROM_900098,Romantic,Band: Various
Moonlight of Time (in your eyes),A.R. Rahman,Hindi,https://open.spotify.com/track/HI_ROM_900041,Romantic,Movie: Various
Waves Again (my heart beats for you),The Weeknd,English,https://open.spotify.com/track/EN_ROM_900058,Romantic,Album: Various
Always Without You (falling for you),Lagnajita Chakraborty,Bengali,https://open.spotify.com/track/BE_ROM_900090,Romantic,Band: Various
Whispers of Time (hold me close),The Weeknd,English,https://open.spotify.com/track/EN_ROM_900048,Romantic,Album: Singles
Forever Again (endless love),Nachiketa,Bengali,https://open.spotify.com/track/BE_ROM_900088,Romantic,Album: Bengali Hits
Heartbeat Between Us (falling for you),Jeet Gannguli,Bengali,https://open.spotify.com/track/BE_ROM_900120,Romantic,Album: Bengali Hits
A Thousand Years (I have died everyday),Christina Perri,English,https://open.spotify.com/track/EN_ROM_900057,Romantic,Album: A Thousand Years
Always Between Us (in your eyes),Christina Perri,English,https://open.spotify.com/track/EN_ROM_900075,Romantic,Artist: Various
Waves Always (you and me forever),Sunidhi Chauhan,Hindi,https://open.spotify.com/track/HI_ROM_900032,Romantic,Movie: Various
Echoes Without You (endless love),Fossils,Bengali,https://open.spotify.com/track/BE_ROM_900117,Romantic,Band: Various
Forever Always (hold me close),Christina Perri,English,https://open.spotify.com/track/EN_ROM_900059,Romantic,Artist: Various
Always Tonight (you are my heart),Sam Smith,English,https://open.spotify.com/track/EN_ROM_900063,Romantic,Artist: Various
Tomake Chai (Tomake chai),Nachiketa,Bengali,https://open.spotify.com/track/BE_ROM_900104,Romantic,Album: Tomake Chai
Whispers Forever (you and me forever),A.R. Rahman,Hindi,https://open.spotify.com/track/HI_ROM_900037,Romantic,Movie: Various
Echoes Tonight (you are my heart),Kishore Kumar,Hindi,https://open.spotify.com/track/HI_ROM_900029,Romantic,Movie: Original Soundtrack
Sunrise Again (hold me close),Arijit Singh,Bengali,https://open.spotify.com/track/BE_ROM_900111,Romantic,Album: Bengali Hits
Echoes Without You (my heart beats for you),Arijit Singh,Hindi,https://open.spotify.com/track/HI_ROM_900001,Romantic,Movie: Various
A Thousand Years (I have died everyday),Christina Perri,English,https://open.spotify.com/track/EN_ROM_900052,Romantic,Album: A Thousand Years
Moonlight in You (my heart beats for you),Lata Mangeshkar,Hindi,https://open.spotify.com/track/HI_ROM_900021,Romantic,Movie: Various
Waves of Time (my heart beats for you),Atif Aslam,Hindi,https://open.spotify.com/track/HI_ROM_900002,Romantic,Movie: Various
Promise Tonight (endless love),KK,Hindi,https://open.spotify.com/track/HI_ROM_900023,Romantic,Movie: Various
Forever and You (you and me forever),Cactus,Bengali,https://open.spotify.com/track/BE_ROM_900103,Romantic,Album: Bengali Hits
Amaro Porano Jaha Chay (Amaro porano jaha chay),Rabindranath Tagore,Bengali,https://open.spotify.com/track/BE_ROM_900099,Romantic,Rabindra Sangeet
Sunrise Without You (you and me forever),Lagnajita Chakraborty,Bengali,https://open.spotify.com/track/BE_ROM_900087,Romantic,Album: Bengali Hits
Waves Again (you and me forever),Rupam Islam,Bengali,https://open.spotify.com/track/BE_ROM_900113,Romantic,Band: Various
Whispers Forever (you are my heart),Christina Perri,English,https://open.spotify.com/track/EN_ROM_900074,Romantic,Album: Singles
Midnight Tonight (you and me forever),Rupam Islam,Bengali,https://open.spotify.com/track/BE_ROM_900086,Romantic,Album: Bengali Hits
A Thousand Years (I have died everyday),Christina Perri,English,https://open.spotify.com/track/EN_ROM_900082,Romantic,Album: A Thousand Years
Tomake Chai (Tomake chai),Nachiketa,Bengali,https://open.spotify.com/track/BE_ROM_900124,Romantic,Album: Tomake Chai
Raabta (Kehte hain),Arijit Singh,Hindi,https://open.spotify.com/track/HI_ROM_900020,Romantic,Movie: Agent Vinod
Forever Always (you are my heart),Imagine Dragons,English,https://open.spotify.com/track/EN_ROM_900060,Romantic,Artist: Various
Moonlight Forever (hold me close),Christina Perri,English,https://open.spotify.com/track/EN_ROM_900071,Romantic,Artist: Various
Moonlight in You (in your eyes),Jeet Gannguli,Bengali,https://open.spotify.com/track/BE_ROM_900106,Romantic,Single
Always and You (falling for you),Kishore Kumar,Hindi,https://open.spotify.com/track/HI_ROM_900014,Romantic,Album: Bollywood Hits
Waves Tonight (my heart beats for you),Lagnajita Chakraborty,Bengali,https://open.spotify.com/track/BE_ROM_900092,Romantic,Album: Bengali Hits
Moonlight in You (in your eyes),John Legend,English,https://open.spotify.com/track/EN_ROM_900051,Romantic,Album: Various
Midnight Always (my heart beats for you),Papon,Bengali,https://open.spotify.com/track/BE_ROM_900102,Romantic,Single
Promise Without You (tears in the rain),Mohit Chauhan,Hindi,https://open.spotify.com/track/HI_SAD_900143,Sad,Album: Bollywood Hits
Skinny Love (Come on skinny love),Bon Iver,English,https://open.spotify.com/track/EN_SAD_900167,Sad,"Album: For Emma, Forever Ago"
Sunrise Forever (broken dreams),Papon,Hindi,https://open.spotify.com/track/HI_SAD_900161,Sad,Movie: Original Soundtrack
Moonlight Again (broken dreams),Coldplay,English,https://open.spotify.com/track/EN_SAD_900201,Sad,Album: Various
Whispers Without You (silent cries),Ed Sheeran,English,https://open.spotify.com/track/EN_SAD_900178,Sad,Album: Singles
Forever in You (fading memories),Rupam Islam,Bengali,https://open.spotify.com/track/BE_SAD_900216,Sad,Album: Bengali Hits
Echoes and You (lost in yesterday),Ed Sheeran,English,https://open.spotify.com/track/EN_SAD_900181,Sad,Album: Various
Always Again (tears in the rain),Lagnajita Chakraborty,Bengali,https://open.spotify.com/track/BE_SAD_900248,Sad,Band: Various
Midnight of Time (fading memories),Rupam Islam,Bengali,https://open.spotify.com/track/BE_SAD_900218,Sad,Single
Midnight Again (goodbye forever),Lata Mangeshkar,Hindi,https://open.spotify.com/track/HI_SAD_900129,Sad,Album: Bollywood Hits
Moonlight Always (lost in yesterday),A.R. Rahman,Hindi,https://open.spotify.com/track/HI_SAD_900152,Sad,Movie: Original Soundtrack
Echoes Between Us (tears in the rain),Rupam Islam,Bengali,https://open.spotify.com/track/BE_SAD_900241,Sad,Album: Bengali Hits
Moonlight of Time (goodbye forever),Coldplay,English,https://open.spotify.com/track/EN_SAD_900169,Sad,Artist: Various
Heartbeat Again (fading memories),Cactus,Bengali,https://open.spotify.com/track/BE_SAD_900221,Sad,Band: Various
Promise of Time (empty streets),Sunidhi Chauhan,Hindi,https://open.spotify.com/track/HI_SAD_900144,Sad,Movie: Original Soundtrack
Skinny Love (Come on skinny love),Bon Iver,English,https://open.spotify.com/track/EN_SAD_900202,Sad,"Album: For Emma, Forever Ago"
Channa Mereya (Acha chalta hoon),Arijit Singh,Hindi,https://open.spotify.com/track/HI_SAD_900135,Sad,Movie: Ae Dil Hai Mushkil
Midnight Without You (fading memories),Lagnajita Chakraborty,Bengali,https://open.spotify.com/track/BE_SAD_900226,Sad,Band: Various
Heartbeat Without You (tears in the rain),Papon,Hindi,https://open.spotify.com/track/HI_SAD_900136,Sad,Album: Bollywood Hits
Amake Amar Moto Thakte Dao (Amake amar moto thakte dao),Anupam Roy,Bengali,https://open.spotify.com/track/BE_SAD_900239,Sad,Indie
The Night We Met (I had all and then most of you),Lord Huron,English,https://open.spotify.com/track/EN_SAD_900172,Sad,Album: Strange Trails
Midnight and You (goodbye forever),John Legend,English,https://open.spotify.com/track/EN_SAD_900203,Sad,Artist: Various
Humdard (Humdard),Arijit Singh,Hindi,https://open.spotify.com/track/HI_SAD_900125,Sad,Movie: Ek Villain
Heartbeat Without You (broken dreams),KK,Hindi,https://open.spotify.com/track/HI_SAD_900151,Sad,Movie: Original Soundtrack
Waves Without You (tears in the rain),Papon,Hindi,https://open.spotify.com/track/HI_SAD_900156,Sad,Movie: Various
The Night We Met (I had all and then most of you),Lord Huron,English,https://open.spotify.com/track/EN_SAD_900192,Sad,Album: Strange Trails
Forever Without You (empty streets),Arijit Singh,Hindi,https://open.spotify.com/track/HI_SAD_900137,Sad,Movie: Various
Echoes Always (goodbye forever),Papon,Hindi,https://open.spotify.com/track/HI_SAD_900149,Sad,Movie: Original Soundtrack
Moonlight Again (fading memories),Christina Perri,English,https://open.spotify.com/track/EN_SAD_900170,Sad,Album: Various
Moonlight of Time (fading memories),Jeet Gannguli,Bengali,https://open.spotify.com/track/BE_SAD_900233,Sad,Single
Mon Amar Kemon Kemon Kore (Mon amar kemon),Lagnajita Chakraborty,Bengali,https://open.spotify.com/track/BE_SAD_900214,Sad,Single
Waves Again (goodbye forever),Ed Sheeran,English,https://open.spotify.com/track/EN_SAD_900198,Sad,Album: Various
Echoes of Love (silent cries),Imagine Dragons,English,https://open.spotify.com/track/EN_SAD_900189,Sad,Album: Various
Agar Tum Saath Ho (Agar tum saath ho),Alka Yagnik & Arijit Singh,Hindi,https://open.spotify.com/track/HI_SAD_900140,Sad,Movie: Tamasha
Echoes Without You (empty streets),Fossils,Bengali,https://open.spotify.com/track/BE_SAD_900237,Sad,Album: Bengali Hits
Moonlight of Time (empty streets),Lata Mangeshkar,Hindi,https://open.spotify.com/track/HI_SAD_900147,Sad,Movie: Original Soundtrack
Agar Tum Saath Ho (Agar tum saath ho),Alka Yagnik & Arijit Singh,Hindi,https://open.spotify.com/track/HI_SAD_900165,Sad,Movie: Tamasha
Always Again (fading memories),Bruno Mars,English,https://open.spotify.com/track/EN_SAD_900206,Sad,Album: Singles
Forever and You (broken dreams),Cactus,Bengali,https://open.spotify.com/track/BE_SAD_900210,Sad,Band: Various
Tujhe Bhula Diya (Tujhe bhula diya),Mohit Chauhan,Hindi,https://open.spotify.com/track/HI_SAD_900155,Sad,Movie: Anjaana Anjaani
Jodi Tor Dak Shune Keu Na Ase (Jodi tor dak shune),Rabindranath Tagore,Bengali,https://open.spotify.com/track/BE_SAD_900219,Sad,Rabindra Sangeet
Moonlight Always (fading memories),Ed Sheeran,English,https://open.spotify.com/track/EN_SAD_900180,Sad,Album: Singles
Sunrise and You (broken dreams),Lata Mangeshkar,Hindi,https://open.spotify.com/track/HI_SAD_900134,Sad,Movie: Original Soundtrack
Forever of Time (fading memories),A.R. Rahman,Hindi,https://open.spotify.com/track/HI_SAD_900158,Sad,Movie: Various
Skinny Love (Come on skinny love),Bon Iver,English,https://open.spotify.com/track/EN_SAD_900187,Sad,"Album: For Emma, Forever Ago"
Humdard (Humdard),Arijit Singh,Hindi,https://open.spotify.com/track/HI_SAD_900150,Sad,Movie: Ek Villain
Mon Amar Kemon Kemon Kore (Mon amar kemon),Lagnajita Chakraborty,Bengali,https://open.spotify.com/track/BE_SAD_900244,Sad,Single
Heartbeat in You (fading memories),Arijit Singh,Hindi,https://open.spotify.com/track/HI_SAD_900153,Sad,Movie: Various
Moonlight and You (silent cries),Bruno Mars,English,https://open.spotify.com/track/EN_SAD_900191,Sad,Artist: Various
Echoes Always (goodbye forever),Lagnajita Chakraborty,Bengali,https://open.spotify.com/track/BE_SAD_900247,Sad,Band: Various
Yaadien (Yaadien),KK,Hindi,https://open.spotify.com/track/HI_SAD_900130,Sad,Movie: The Burning Train
Forever and You (silent cries),Sam Smith,English,https://open.spotify.com/track/EN_SAD_900190,Sad,Album: Various
Sunrise Forever (broken dreams),Bruno Mars,English,https://open.spotify.com/track/EN_SAD_900195,Sad,Album: Singles
Moonlight and You (goodbye forever),Mohit Chauhan,Hindi,https://open.spotify.com/track/HI_SAD_900164,Sad,Movie: Various
Always of Time (tears in the rain),Christina Perri,English,https://open.spotify.com/track/EN_SAD_900174,Sad,Artist: Various
Yaadien (Yaadien),KK,Hindi,https://open.spotify.com/track/HI_SAD_900160,Sad,Movie: The Burning Train
Whispers in You (silent cries),KK,Hindi,https://open.spotify.com/track/HI_SAD_900141,Sad,Movie: Various
Moonlight Between Us (tears in the rain),Bruno Mars,English,https://open.spotify.com/track/EN_SAD_900193,Sad,Album: Singles
Always and You (goodbye forever),Lata Mangeshkar,Hindi,https://open.spotify.com/track/HI_SAD_900159,Sad,Movie: Original Soundtrack
Moonlight of Love (empty streets),Hemanta Mukherjee,Bengali,https://open.spotify.com/track/BE_SAD_900240,Sad,Band: Various
Moonlight in You (lost in yesterday),Lata Mangeshkar,Hindi,https://open.spotify.com/track/HI_SAD_900132,Sad,Movie: Original Soundtrack
Moonlight and You (empty streets),Hemanta Mukherjee,Bengali,https://open.spotify.com/track/BE_SAD_900243,Sad,Album: Bengali Hits
Forever of Love (broken dreams),Coldplay,English,https://open.spotify.com/track/EN_SAD_900168,Sad,Artist: Various
Sunrise of Time (goodbye forever),Arijit Singh,Bengali,https://open.spotify.com/track/BE_SAD_900220,Sad,Band: Various
Whispers in You (goodbye forever),Imagine Dragons,English,https://open.spotify.com/track/EN_SAD_900194,Sad,Album: Singles
Heartbeat of Love (tears in the rain),Anupam Roy,Bengali,https://open.spotify.com/track/BE_SAD_900225,Sad,Single
Forever Again (broken dreams),Fossils,Bengali,https://open.spotify.com/track/BE_SAD_900230,Sad,Band: Various
Always Again (broken dreams),Lata Mangeshkar,Hindi,https://open.spotify.com/track/HI_SAD_900133,Sad,Movie: Original Soundtrack
Always in You (lost in yesterday),KK,Hindi,https://open.spotify.com/track/HI_SAD_900138,Sad,Album: Bollywood Hits
Ei Meghla Dine Ekla (Ei meghla dine ekla),Hemanta Mukherjee,Bengali,https://open.spotify.com/track/BE_SAD_900234,Sad,Classic
Moonlight of Love (fading memories),Sunidhi Chauhan,Hindi,https://open.spotify.com/track/HI_SAD_900128,Sad,Movie: Original Soundtrack
Echoes Always (tears in the rain),KK,Hindi,https://open.spotify.com/track/HI_SAD_900142,Sad,Movie: Original Soundtrack
Whispers Forever (broken dreams),Mohit Chauhan,Hindi,https://open.spotify.com/track/HI_SAD_900163,Sad,Movie: Various
Skinny Love (Come on skinny love),Bon Iver,English,https://open.spotify.com/track/EN_SAD_900197,Sad,"Album: For Emma, Forever Ago"
Echoes Without You (lost in yesterday),Nachiketa,Bengali,https://open.spotify.com/track/BE_SAD_900222,Sad,Single
Promise Always (fading memories),Arijit Singh,Hindi,https://open.spotify.com/track/HI_SAD_900131,Sad,Movie: Various
Echoes Forever (fading memories),Coldplay,English,https://open.spotify.com/track/EN_SAD_900205,Sad,Album: Singles
Sunrise and You (goodbye forever),Hemanta Mukherjee,Bengali,https://open.spotify.com/track/BE_SAD_900232,Sad,Single
Echoes and You (silent cries),Lagnajita Chakraborty,Bengali,https://open.spotify.com/track/BE_SAD_900235,Sad,Band: Various
Always in You (lost in yesterday),Adele,English,https://open.spotify.com/track/EN_SAD_900179,Sad,Album: Various
Promise Without You (empty streets),Sam Smith,English,https://open.spotify.com/track/EN_SAD_900175,Sad,Album: Singles
Midnight of Time (silent cries),Sam Smith,English,https://open.spotify.com/track/EN_SAD_900208,Sad,Album: Singles
Moonlight of Time (broken dreams),Ed Sheeran,English,https://open.spotify.com/track/EN_SAD_900171,Sad,Album: Singles
Jodi Tor Dak Shune Keu Na Ase (Jodi tor dak shune),Rabindranath Tagore,Bengali,https://open.spotify.com/track/BE_SAD_900209,Sad,Rabindra Sangeet
Echoes Tonight (fading memories),Adele,English,https://open.spotify.com/track/EN_SAD_900186,Sad,Artist: Various
Echoes Forever (tears in the rain),Papon,Bengali,https://open.spotify.com/track/BE_SAD_900246,Sad,Single
Always of Time (tears in the rain),The Weeknd,English,https://open.spotify.com/track/EN_SAD_900204,Sad,Album: Various
Whispers Again (empty streets),Nachiketa,Bengali,https://open.spotify.com/track/BE_SAD_900223,Sad,Band: Various
Heartbeat in You (lost in yesterday),Sunidhi Chauhan,Hindi,https://open.spotify.com/track/HI_SAD_900166,Sad,Movie: Various
Promise Without You (empty streets),Christina Perri,English,https://open.spotify.com/track/EN_SAD_900183,Sad,Album: Various
Moonlight Tonight (broken dreams),Anupam Roy,Bengali,https://open.spotify.com/track/BE_SAD_900215,Sad,Band: Various
Forever in You (silent cries),Adele,English,https://open.spotify.com/track/EN_SAD_900173,Sad,Artist: Various
Always Without You (empty streets),Lagnajita Chakraborty,Bengali,https://open.spotify.com/track/BE_SAD_900213,Sad,Album: Bengali Hits
Always Tonight (lost in yesterday),Nachiketa,Bengali,https://open.spotify.com/track/BE_SAD_900245,Sad,Album: Bengali Hits
Fix You (Lights will guide you home),Coldplay,English,https://open.spotify.com/track/EN_SAD_900182,Sad,Album: X&Y
Forever Without You (empty streets),Bruno Mars,English,https://open.spotify.com/track/EN_SAD_900200,Sad,Artist: Various
Waves Without You (fading memories),Lata Mangeshkar,Hindi,https://open.spotify.com/track/HI_SAD_900157,Sad,Album: Bollywood Hits
Waves Between Us (lost in yesterday),Jeet Gannguli,Bengali,https://open.spotify.com/track/BE_SAD_900242,Sad,Album: Bengali Hits
Midnight and You (lost in yesterday),Maroon 5,English,https://open.spotify.com/track/EN_SAD_900184,Sad,Album: Various
Whispers Always (fading memories),Bruno Mars,English,https://open.spotify.com/track/EN_SAD_900188,Sad,Album: Singles
Jodi Tor Dak Shune Keu Na Ase (Jodi tor dak shune),Rabindranath Tagore,Bengali,https://open.spotify.com/track/BE_SAD_900229,Sad,Rabindra Sangeet
Echoes and You (broken dreams),A.R. Rahman,Hindi,https://open.spotify.com/track/HI_SAD_900162,Sad,Movie: Various
Echoes Between Us (empty streets),Kishore Kumar,Hindi,https://open.spotify.com/track/HI_SAD_900154,Sad,Album: Bollywood Hits
Forever Always (broken dreams),Papon,Bengali,https://open.spotify.com/track/BE_SAD_900236,Sad,Band: Various
Echoes Tonight (broken dreams),Arijit Singh,Hindi,https://open.spotify.com/track/HI_SAD_900126,Sad,Album: Bollywood Hits
Skinny Love (Come on skinny love),Bon Iver,English,https://open.spotify.com/track/EN_SAD_900177,Sad,"Album: For Emma, Forever Ago"
Heartbeat of Time (goodbye forever),Lata Mangeshkar,Hindi,https://open.spotify.com/track/HI_SAD_900146,Sad,Movie: Various
Promise Without You (empty streets),Papon,Hindi,https://open.spotify.com/track/HI_SAD_900127,Sad,Movie: Various
Midnight Tonight (goodbye forever),A.R. Rahman,Hindi,https://open.spotify.com/track/HI_SAD_900148,Sad,Album: Bollywood Hits
Promise in You (fading memories),Jeet Gannguli,Bengali,https://open.spotify.com/track/BE_SAD_900228,Sad,Single
Jodi Tor Dak Shune Keu Na Ase (Jodi tor dak shune),Rabindranath Tagore,Bengali,https://open.spotify.com/track/BE_SAD_900224,Sad,Rabindra Sangeet
Heartbeat Forever (broken dreams),Fossils,Bengali,https://open.spotify.com/track/BE_SAD_900212,Sad,Single
Echoes in You (silent cries),Jeet Gannguli,Bengali,https://open.spotify.com/track/BE_SAD_900238,Sad,Band: Various
Heartbeat Always (silent cries),John Legend,English,https://open.spotify.com/track/EN_SAD_900199,Sad,Artist: Various
Moonlight in You (goodbye forever),Arijit Singh,Bengali,https://open.spotify.com/track/BE_SAD_900211,Sad,Band: Various
Fix You (Lights will guide you home),Coldplay,English,https://open.spotify.com/track/EN_SAD_900207,Sad,Album: X&Y
Ei Meghla Dine Ekla (Ei meghla dine ekla),Hemanta Mukherjee,Bengali,https://open.spotify.com/track/BE_SAD_900249,Sad,Classic
Yaadien (Yaadien),KK,Hindi,https://open.spotify.com/track/HI_SAD_900145,Sad,Movie: The Burning Train
Echoes Always (lost in yesterday),Ed Sheeran,English,https://open.spotify.com/track/EN_SAD_900185,Sad,Album: Singles
Echoes Between Us (broken dreams),Adele,English,https://open.spotify.com/track/EN_SAD_900196,Sad,Album: Singles
Whispers Again (lost in yesterday),Cactus,Bengali,https://open.spotify.com/track/BE_SAD_900231,Sad,Band: Various
Always Again (silent cries),Atif Aslam,Hindi,https://open.spotify.com/track/HI_SAD_900139,Sad,Movie: Original Soundtrack
Waves Again (tears in the rain),Fossils,Bengali,https://open.spotify.com/track/BE_SAD_900217,Sad,Band: Various
Promise Tonight (broken dreams),Bruno Mars,English,https://open.spotify.com/track/EN_SAD_900176,Sad,Artist: Various
Midnight of Time (lost in yesterday),Rupam Islam,Bengali,https://open.spotify.com/track/BE_SAD_900227,Sad,Band: Various
Whispers of Time (joy all around),Lata Mangeshkar,Hindi,https://open.spotify.com/track/HI_HAP_900268,Happy,Movie: Original Soundtrack
Happy (Because I'm happy),Pharrell Williams,English,https://open.spotify.com/track/EN_HAP_900292,Happy,Album: Girl
Promise and You (feeling alive),Arijit Singh,Hindi,https://open.spotify.com/track/HI_HAP_900286,Happy,Movie: Various
Forever Again (joy all around),Sam Smith,English,https://open.spotify.com/track/EN_HAP_900326,Happy,Album: Singles
Forever of Love (joy all around),The Weeknd,English,https://open.spotify.com/track/EN_HAP_900303,Happy,Album: Singles
Moonlight Without You (feeling alive),Jeet Gannguli,Bengali,https://open.spotify.com/track/BE_HAP_900341,Happy,Album: Bengali Hits
Always Forever (joy all around),The Weeknd,English,https://open.spotify.com/track/EN_HAP_900306,Happy,Album: Various
Heartbeat in You (joy all around),Lagnajita Chakraborty,Bengali,https://open.spotify.com/track/BE_HAP_900373,Happy,Band: Various
Promise in You (celebrate tonight),Lagnajita Chakraborty,Bengali,https://open.spotify.com/track/BE_HAP_900343,Happy,Album: Bengali Hits
Waves Tonight (feeling alive),A.R. Rahman,Hindi,https://open.spotify.com/track/HI_HAP_900254,Happy,Movie: Original Soundtrack
Sunrise of Time (joy all around),Papon,Hindi,https://open.spotify.com/track/HI_HAP_900277,Happy,Album: Bollywood Hits
Sunrise of Love (feeling alive),Rupam Islam,Bengali,https://open.spotify.com/track/BE_HAP_900366,Happy,Album: Bengali Hits
Forever of Time (life is beautiful),Coldplay,English,https://open.spotify.com/track/EN_HAP_900294,Happy,Album: Singles
Always Again (feeling alive),Papon,Bengali,https://open.spotify.com/track/BE_HAP_900346,Happy,Band: Various
Promise of Time (joy all around),Kishore Kumar,Hindi,https://open.spotify.com/track/HI_HAP_900269,Happy,Album: Bollywood Hits
Best Day of My Life (This is gonna be the best day of my life),American Authors,English,https://open.spotify.com/track/EN_HAP_900327,Happy,"Album: Oh, What a Life"
Nashe Si Chadh Gayi (Nashe si chadh gayi),Arijit Singh,Hindi,https://open.spotify.com/track/HI_HAP_900260,Happy,Movie: Befikre
Echoes of Love (celebrate tonight),Rupam Islam,Bengali,https://open.spotify.com/track/BE_HAP_900351,Happy,Single
Forever Between Us (dancing in sunlight),KK,Hindi,https://open.spotify.com/track/HI_HAP_900261,Happy,Movie: Various
Dhaker Tale Komor Dole (Dhaker tale),Babul Supriyo,Bengali,https://open.spotify.com/track/BE_HAP_900364,Happy,Folk
Can't Stop the Feeling! (I got that sunshine in my pocket),Justin Timberlake,English,https://open.spotify.com/track/EN_HAP_900297,Happy,Album: Trolls
Midnight of Love (joy all around),Bruno Mars,English,https://open.spotify.com/track/EN_HAP_900328,Happy,Album: Various
London Thumakda (London thumakda),Various,Hindi,https://open.spotify.com/track/HI_HAP_900250,Happy,Movie: Queen
Heartbeat Tonight (life is beautiful),Papon,Hindi,https://open.spotify.com/track/HI_HAP_900276,Happy,Movie: Original Soundtrack
Heartbeat and You (good vibes only),Kishore Kumar,Hindi,https://open.spotify.com/track/HI_HAP_900281,Happy,Movie: Various
Shape of You (I'm in love with the shape of you),Ed Sheeran,English,https://open.spotify.com/track/EN_HAP_900317,Happy,Album: ÷ (Divide)
Whispers Forever (smiling again),KK,Hindi,https://open.spotify.com/track/HI_HAP_900262,Happy,Album: Bollywood Hits
Whispers in You (smiling again),KK,Hindi,https://open.spotify.com/track/HI_HAP_900274,Happy,Album: Bollywood Hits
Heartbeat in You (good vibes only),The Weeknd,English,https://open.spotify.com/track/EN_HAP_900295,Happy,Album: Singles
Midnight in You (celebrate tonight),Lagnajita Chakraborty,Bengali,https://open.spotify.com/track/BE_HAP_900358,Happy,Single
Dhaker Tale Komor Dole (Dhaker tale),Babul Supriyo,Bengali,https://open.spotify.com/track/BE_HAP_900339,Happy,Folk
Waves of Time (feeling alive),Ed Sheeran,English,https://open.spotify.com/track/EN_HAP_900323,Happy,Album: Singles
Heartbeat Without You (life is beautiful),Christina Perri,English,https://open.spotify.com/track/EN_HAP_900314,Happy,Album: Various
Gallan Goodiyaan (Gallan goodiyaan),Various,Hindi,https://open.spotify.com/track/HI_HAP_900265,Happy,Movie: Dil Dhadakne Do
Echoes of Time (smiling again),Hemanta Mukherjee,Bengali,https://open.spotify.com/track/BE_HAP_900362,Happy,Album: Bengali Hits
Moonlight Tonight (dancing in sunlight),Arijit Singh,Hindi,https://open.spotify.com/track/HI_HAP_900272,Happy,Album: Bollywood Hits
London Thumakda (London thumakda),Various,Hindi,https://open.spotify.com/track/HI_HAP_900290,Happy,Movie: Queen
Sunrise Tonight (feeling alive),Imagine Dragons,English,https://open.spotify.com/track/EN_HAP_900331,Happy,Artist: Various
Echoes Always (feeling alive),Papon,Bengali,https://open.spotify.com/track/BE_HAP_900335,Happy,Single
Gallan Goodiyaan (Gallan goodiyaan),Various,Hindi,https://open.spotify.com/track/HI_HAP_900280,Happy,Movie: Dil Dhadakne Do
Bolna Re Mon (Bolna re mon),Anupam Roy,Bengali,https://open.spotify.com/track/BE_HAP_900344,Happy,Single
Moonlight Tonight (dancing in sunlight),Adele,English,https://open.spotify.com/track/EN_HAP_900305,Happy,Album: Various
Always of Time (feeling alive),Lata Mangeshkar,Hindi,https://open.spotify.com/track/HI_HAP_900259,Happy,Movie: Various
Heartbeat in You (life is beautiful),Atif Aslam,Hindi,https://open.spotify.com/track/HI_HAP_900283,Happy,Album: Bollywood Hits
Can't Stop the Feeling! (I got that sunshine in my pocket),Justin Timberlake,English,https://open.spotify.com/track/EN_HAP_900312,Happy,Album: Trolls
Sooraj Dooba Hain (Sooraj dooba hain),Arijit Singh,Hindi,https://open.spotify.com/track/HI_HAP_900275,Happy,Movie: Roy
Dhaker Tale Komor Dole (Dhaker tale),Babul Supriyo,Bengali,https://open.spotify.com/track/BE_HAP_900369,Happy,Folk
Always Tonight (life is beautiful),Papon,Hindi,https://open.spotify.com/track/HI_HAP_900278,Happy,Movie: Various
Midnight Without You (life is beautiful),Imagine Dragons,English,https://open.spotify.com/track/EN_HAP_900316,Happy,Album: Various
Promise Between Us (celebrate tonight),Nachiketa,Bengali,https://open.spotify.com/track/BE_HAP_900372,Happy,Album: Bengali Hits
Gallan Goodiyaan (Gallan goodiyaan),Various,Hindi,https://open.spotify.com/track/HI_HAP_900255,Happy,Movie: Dil Dhadakne Do
Whispers Forever (joy all around),Adele,English,https://open.spotify.com/track/EN_HAP_900315,Happy,Album: Singles
Promise Between Us (life is beautiful),Sam Smith,English,https://open.spotify.com/track/EN_HAP_900320,Happy,Album: Various
Sunrise Forever (smiling again),KK,Hindi,https://open.spotify.com/track/HI_HAP_900289,Happy,Album: Bollywood Hits
Sunrise Again (life is beautiful),Bruno Mars,English,https://open.spotify.com/track/EN_HAP_900299,Happy,Album: Singles
Badtameez Dil (Badtameez dil),Benny Dayal,Hindi,https://open.spotify.com/track/HI_HAP_900285,Happy,Movie: Yeh Jawaani Hai Deewani
Forever Between Us (smiling again),Arijit Singh,Hindi,https://open.spotify.com/track/HI_HAP_900266,Happy,Album: Bollywood Hits
Promise in You (smiling again),John Legend,English,https://open.spotify.com/track/EN_HAP_900318,Happy,Album: Various
Heartbeat of Time (joy all around),Papon,Hindi,https://open.spotify.com/track/HI_HAP_900284,Happy,Movie: Original Soundtrack
Forever Forever (joy all around),Arijit Singh,Bengali,https://open.spotify.com/track/BE_HAP_900365,Happy,Band: Various
Moonlight Again (smiling again),Kishore Kumar,Hindi,https://open.spotify.com/track/HI_HAP_900257,Happy,Movie: Original Soundtrack
Waves Forever (joy all around),Cactus,Bengali,https://open.spotify.com/track/BE_HAP_900368,Happy,Single
Midnight Always (celebrate tonight),Coldplay,English,https://open.spotify.com/track/EN_HAP_900293,Happy,Album: Various
Promise in You (celebrate tonight),Rupam Islam,Bengali,https://open.spotify.com/track/BE_HAP_900345,Happy,Album: Bengali Hits
Promise Always (good vibes only),Bruno Mars,English,https://open.spotify.com/track/EN_HAP_900319,Happy,Artist: Various
Sunrise in You (joy all around),Cactus,Bengali,https://open.spotify.com/track/BE_HAP_900350,Happy,Band: Various
Moonlight Between Us (celebrate tonight),Jeet Gannguli,Bengali,https://open.spotify.com/track/BE_HAP_900355,Happy,Single
Heartbeat Forever (life is beautiful),Atif Aslam,Hindi,https://open.spotify.com/track/HI_HAP_900258,Happy,Movie: Various
Always Between Us (celebrate tonight),Mohit Chauhan,Hindi,https://open.spotify.com/track/HI_HAP_900263,Happy,Album: Bollywood Hits
Dhaker Tale Komor Dole (Dhaker tale),Babul Supriyo,Bengali,https://open.spotify.com/track/BE_HAP_900359,Happy,Folk
Whispers Without You (dancing in sunlight),A.R. Rahman,Hindi,https://open.spotify.com/track/HI_HAP_900253,Happy,Movie: Original Soundtrack
Midnight and You (dancing in sunlight),Kishore Kumar,Hindi,https://open.spotify.com/track/HI_HAP_900267,Happy,Movie: Various
Waves Between Us (feeling alive),Atif Aslam,Hindi,https://open.spotify.com/track/HI_HAP_900288,Happy,Movie: Original Soundtrack
Best Day of My Life (This is gonna be the best day of my life),American Authors,English,https://open.spotify.com/track/EN_HAP_900322,Happy,"Album: Oh, What a Life"
Waves Without You (smiling again),Fossils,Bengali,https://open.spotify.com/track/BE_HAP_900347,Happy,Single
Sunrise and You (joy all around),A.R. Rahman,Hindi,https://open.spotify.com/track/HI_HAP_900256,Happy,Album: Bollywood Hits
Moonlight Again (life is beautiful),John Legend,English,https://open.spotify.com/track/EN_HAP_900330,Happy,Album: Singles
Always of Love (feeling alive),Nachiketa,Bengali,https://open.spotify.com/track/BE_HAP_900357,Happy,Album: Bengali Hits
Moonlight Again (celebrate tonight),Rupam Islam,Bengali,https://open.spotify.com/track/BE_HAP_900360,Happy,Album: Bengali Hits
Midnight and You (celebrate tonight),John Legend,English,https://open.spotify.com/track/EN_HAP_900304,Happy,Album: Singles
Waves of Time (smiling again),Christina Perri,English,https://open.spotify.com/track/EN_HAP_900300,Happy,Album: Singles
Heartbeat of Time (celebrate tonight),Ed Sheeran,English,https://open.spotify.com/track/EN_HAP_900333,Happy,Album: Various
Promise Always (celebrate tonight),Imagine Dragons,English,https://open.spotify.com/track/EN_HAP_900296,Happy,Album: Various
Challenge Nibi Na Sala (Challenge nibi na sala),Jeet Gannguli,Bengali,https://open.spotify.com/track/BE_HAP_900334,Happy,Song
Heartbeat of Time (celebrate tonight),Bruno Mars,English,https://open.spotify.com/track/EN_HAP_900311,Happy,Album: Various
Whispers Between Us (feeling alive),Anupam Roy,Bengali,https://open.spotify.com/track/BE_HAP_900371,Happy,Band: Various
Whispers Forever (life is beautiful),Imagine Dragons,English,https://open.spotify.com/track/EN_HAP_900329,Happy,Album: Various
Promise Again (feeling alive),Jeet Gannguli,Bengali,https://open.spotify.com/track/BE_HAP_900348,Happy,Single
Echoes and You (smiling again),Arijit Singh,Hindi,https://open.spotify.com/track/HI_HAP_900291,Happy,Movie: Original Soundtrack
Forever Again (good vibes only),Ed Sheeran,English,https://open.spotify.com/track/EN_HAP_900308,Happy,Album: Singles
Forever Between Us (feeling alive),Cactus,Bengali,https://open.spotify.com/track/BE_HAP_900340,Happy,Album: Bengali Hits
Promise of Love (celebrate tonight),Coldplay,English,https://open.spotify.com/track/EN_HAP_900298,Happy,Album: Singles
Heartbeat in You (life is beautiful),Papon,Bengali,https://open.spotify.com/track/BE_HAP_900338,Happy,Band: Various
Sunrise Between Us (life is beautiful),Anupam Roy,Bengali,https://open.spotify.com/track/BE_HAP_900370,Happy,Band: Various
"Counting Stars (Lately I been, I been losing sleep)",OneRepublic,English,https://open.spotify.com/track/EN_HAP_900307,Happy,Album: Native
Promise Forever (joy all around),Adele,English,https://open.spotify.com/track/EN_HAP_900325,Happy,Album: Singles
Whispers of Time (dancing in sunlight),A.R. Rahman,Hindi,https://open.spotify.com/track/HI_HAP_900282,Happy,Movie: Original Soundtrack
Midnight of Time (good vibes only),Arijit Singh,Bengali,https://open.spotify.com/track/BE_HAP_900367,Happy,Album: Bengali Hits
Promise Tonight (good vibes only),Sam Smith,English,https://open.spotify.com/track/EN_HAP_900309,Happy,Album: Singles
Sunrise Forever (joy all around),The Weeknd,English,https://open.spotify.com/track/EN_HAP_900313,Happy,Album: Singles
Paglu Title Song (Paglu paglu),Jeet Gannguli,Bengali,https://open.spotify.com/track/BE_HAP_900354,Happy,Movie: Paglu
Always in You (joy all around),KK,Hindi,https://open.spotify.com/track/HI_HAP_900287,Happy,Movie: Various
Moonlight Tonight (feeling alive),Lata Mangeshkar,Hindi,https://open.spotify.com/track/HI_HAP_900279,Happy,Album: Bollywood Hits
Always in You (feeling alive),Anupam Roy,Bengali,https://open.spotify.com/track/BE_HAP_900361,Happy,Album: Bengali Hits
Whispers Again (smiling again),KK,Hindi,https://open.spotify.com/track/HI_HAP_900251,Happy,Album: Bollywood Hits
Can't Stop the Feeling! (I got that sunshine in my pocket),Justin Timberlake,English,https://open.spotify.com/track/EN_HAP_900302,Happy,Album: Trolls
Waves and You (dancing in sunlight),KK,Hindi,https://open.spotify.com/track/HI_HAP_900271,Happy,Album: Bollywood Hits
Midnight of Love (dancing in sunlight),Lata Mangeshkar,Hindi,https://open.spotify.com/track/HI_HAP_900252,Happy,Movie: Original Soundtrack
Moonlight of Time (good vibes only),Atif Aslam,Hindi,https://open.spotify.com/track/HI_HAP_900273,Happy,Movie: Original Soundtrack
Moonlight Forever (feeling alive),Rupam Islam,Bengali,https://open.spotify.com/track/BE_HAP_900353,Happy,Single
Dhaker Tale Komor Dole (Dhaker tale),Babul Supriyo,Bengali,https://open.spotify.com/track/BE_HAP_900349,Happy,Folk
Promise of Time (smiling again),Papon,Bengali,https://open.spotify.com/track/BE_HAP_900337,Happy,Band: Various
Promise Again (life is beautiful),Papon,Bengali,https://open.spotify.com/track/BE_HAP_900363,Happy,Album: Bengali Hits
Forever Between Us (dancing in sunlight),Bruno Mars,English,https://open.spotify.com/track/EN_HAP_900324,Happy,Album: Various
Midnight Between Us (joy all around),Nachiketa,Bengali,https://open.spotify.com/track/BE_HAP_900336,Happy,Band: Various
Best Day of My Life (This is gonna be the best day of my life),American Authors,English,https://open.spotify.com/track/EN_HAP_900332,Happy,"Album: Oh, What a Life"
Dhaker Tale Komor Dole (Dhaker tale),Babul Supriyo,Bengali,https://open.spotify.com/track/BE_HAP_900374,Happy,Folk
Nashe Si Chadh Gayi (Nashe si chadh gayi),Arijit Singh,Hindi,https://open.spotify.com/track/HI_HAP_900270,Happy,Movie: Befikre
Forever Between Us (good vibes only),Adele,English,https://open.spotify.com/track/EN_HAP_900310,Happy,Artist: Various
Moonlight Again (dancing in sunlight),Bruno Mars,English,https://open.spotify.com/track/EN_HAP_900321,Happy,Album: Singles
Waves Between Us (good vibes only),Anupam Roy,Bengali,https://open.spotify.com/track/BE_HAP_900356,Happy,Single
Midnight in You (feeling alive),Arijit Singh,Hindi,https://open.spotify.com/track/HI_HAP_900264,Happy,Movie: Various
Echoes of Time (dancing in sunlight),Rupam Islam,Bengali,https://open.spotify.com/track/BE_HAP_900342,Happy,Band: Various
Promise Again (feeling alive),Adele,English,https://open.spotify.com/track/EN_HAP_900301,Happy,Album: Various
Waves of Time (dancing in sunlight),Cactus,Bengali,https://open.spotify.com/track/BE_HAP_900352,Happy,Album: Bengali Hits
Heartbeat Again (never give up),A.R. Rahman,Hindi,https://open.spotify.com/track/HI_ENE_900393,Energetic,Album: Bollywood Hits
Believer (You made me a believer),Imagine Dragons,English,https://open.spotify.com/track/EN_ENE_900417,Energetic,Album: Evolve
Forever of Time (energy unleashed),Papon,Hindi,https://open.spotify.com/track/HI_ENE_900411,Energetic,Movie: Original Soundtrack
Promise of Time (fire in my veins),John Legend,English,https://open.spotify.com/track/EN_ENE_900451,Energetic,Album: Various
Sunrise Always (never give up),Ed Sheeran,English,https://open.spotify.com/track/EN_ENE_900428,Energetic,Album: Various
Moonlight Without You (keep moving),Hemanta Mukherjee,Bengali,https://open.spotify.com/track/BE_ENE_900466,Energetic,Band: Various
Whispers Tonight (fire in my veins),Bruno Mars,English,https://open.spotify.com/track/EN_ENE_900431,Energetic,Album: Various
Forever Again (energy unleashed),Fossils,Bengali,https://open.spotify.com/track/BE_ENE_900498,Energetic,Band: Various
Always of Love (run to the beat),Arijit Singh,Bengali,https://open.spotify.com/track/BE_ENE_900468,Energetic,Band: Various
Heartbeat of Love (never give up),Mohit Chauhan,Hindi,https://open.spotify.com/track/HI_ENE_900379,Energetic,Movie: Original Soundtrack
Echoes in You (never give up),Papon,Hindi,https://open.spotify.com/track/HI_ENE_900402,Energetic,Movie: Original Soundtrack
Moonlight Always (run to the beat),Fossils,Bengali,https://open.spotify.com/track/BE_ENE_900491,Energetic,Single
Promise Tonight (energy unleashed),John Legend,English,https://open.spotify.com/track/EN_ENE_900419,Energetic,Album: Singles
Waves in You (fire in my veins),Rupam Islam,Bengali,https://open.spotify.com/track/BE_ENE_900471,Energetic,Band: Various
Heartbeat Tonight (rise again),Shreya Ghoshal,Hindi,https://open.spotify.com/track/HI_ENE_900394,Energetic,Album: Bollywood Hits
"Eye of the Tiger (Rising up, back on the street)",Survivor,English,https://open.spotify.com/track/EN_ENE_900452,Energetic,Album: Eye of the Tiger
Zinda (Zinda),Siddharth Mahadevan,Hindi,https://open.spotify.com/track/HI_ENE_900385,Energetic,Movie: Bhaag Milkha Bhaag
Echoes of Love (keep moving),Rupam Islam,Bengali,https://open.spotify.com/track/BE_ENE_900476,Energetic,Single
Promise Tonight (power in motion),Sunidhi Chauhan,Hindi,https://open.spotify.com/track/HI_ENE_900386,Energetic,Album: Bollywood Hits
Shona Bondhu (Shona bondhu),Habib Wahid,Bengali,https://open.spotify.com/track/BE_ENE_900489,Energetic,Single
"Eye of the Tiger (Rising up, back on the street)",Survivor,English,https://open.spotify.com/track/EN_ENE_900422,Energetic,Album: Eye of the Tiger
Midnight Tonight (power in motion),Imagine Dragons,English,https://open.spotify.com/track/EN_ENE_900453,Energetic,Album: Singles
Malhari (Malhari),Vishal Dadlani,Hindi,https://open.spotify.com/track/HI_ENE_900375,Energetic,Movie: Bajirao Mastani
Heartbeat Between Us (energy unleashed),Atif Aslam,Hindi,https://open.spotify.com/track/HI_ENE_900401,Energetic,Album: Bollywood Hits
Whispers of Time (rise again),Shreya Ghoshal,Hindi,https://open.spotify.com/track/HI_ENE_900406,Energetic,Movie: Original Soundtrack
Believer (You made me a believer),Imagine Dragons,English,https://open.spotify.com/track/EN_ENE_900442,Energetic,Album: Evolve
Moonlight of Love (never give up),A.R. Rahman,Hindi,https://open.spotify.com/track/HI_ENE_900387,Energetic,Album: Bollywood Hits
Whispers Again (run to the beat),Atif Aslam,Hindi,https://open.spotify.com/track/HI_ENE_900399,Energetic,Album: Bollywood Hits
Echoes Again (never give up),Maroon 5,English,https://open.spotify.com/track/EN_ENE_900420,Energetic,Artist: Various
Whispers in You (keep moving),Papon,Bengali,https://open.spotify.com/track/BE_ENE_900483,Energetic,Single
Shona Bondhu (Shona bondhu),Habib Wahid,Bengali,https://open.spotify.com/track/BE_ENE_900464,Energetic,Single
Whispers Tonight (never give up),Imagine Dragons,English,https://open.spotify.com/track/EN_ENE_900448,Energetic,Artist: Various
Promise Always (energy unleashed),Christina Perri,English,https://open.spotify.com/track/EN_ENE_900439,Energetic,Album: Various
Jai Ho (Jai ho),A. R. Rahman,Hindi,https://open.spotify.com/track/HI_ENE_900390,Energetic,Movie: Slumdog Millionaire
Always of Love (keep moving),Lagnajita Chakraborty,Bengali,https://open.spotify.com/track/BE_ENE_900487,Energetic,Single
Whispers and You (rise again),Lata Mangeshkar,Hindi,https://open.spotify.com/track/HI_ENE_900397,Energetic,Album: Bollywood Hits
Malhari (Malhari),Vishal Dadlani,Hindi,https://open.spotify.com/track/HI_ENE_900415,Energetic,Movie: Bajirao Mastani
Sunrise Between Us (rise again),Bruno Mars,English,https://open.spotify.com/track/EN_ENE_900456,Energetic,Album: Singles
Echoes Without You (rise again),Hemanta Mukherjee,Bengali,https://open.spotify.com/track/BE_ENE_900460,Energetic,Single
Sher Aaya Sher (Sher aaya sher),Divine,Hindi,https://open.spotify.com/track/HI_ENE_900405,Energetic,Artist: Divine
Bondhu Chol (Bondhu chol),Cactus,Bengali,https://open.spotify.com/track/BE_ENE_900469,Energetic,Band: Cactus
Waves Again (power in motion),Coldplay,English,https://open.spotify.com/track/EN_ENE_900430,Energetic,Album: Singles
Whispers of Time (never give up),Sunidhi Chauhan,Hindi,https://open.spotify.com/track/HI_ENE_900384,Energetic,Album: Bollywood Hits
Whispers Again (keep moving),Kishore Kumar,Hindi,https://open.spotify.com/track/HI_ENE_900408,Energetic,Album: Bollywood Hits
Titanium (You shoot me down but I won't fall),David Guetta ft. Sia,English,https://open.spotify.com/track/EN_ENE_900437,Energetic,Album: Nothing But the Beat
Jai Ho (Jai ho),A. R. Rahman,Hindi,https://open.spotify.com/track/HI_ENE_900400,Energetic,Movie: Slumdog Millionaire
Jibonpurer Rail (Jibonpurer rail),Fossils,Bengali,https://open.spotify.com/track/BE_ENE_900494,Energetic,Band: Fossils
Whispers Without You (run to the beat),Papon,Hindi,https://open.spotify.com/track/HI_ENE_900403,Energetic,Movie: Various
Waves Tonight (rise again),John Legend,English,https://open.spotify.com/track/EN_ENE_900441,Energetic,Album: Various
Promise Again (keep moving),Jeet Gannguli,Bengali,https://open.spotify.com/track/BE_ENE_900497,Energetic,Band: Various
Apna Time Aayega (Apna time aayega),Ranveer Singh,Hindi,https://open.spotify.com/track/HI_ENE_900380,Energetic,Movie: Gully Boy
Heartbeat Between Us (power in motion),Adele,English,https://open.spotify.com/track/EN_ENE_900440,Energetic,Album: Various
Echoes Always (rise again),The Weeknd,English,https://open.spotify.com/track/EN_ENE_900445,Energetic,Artist: Various
Midnight and You (never give up),Papon,Hindi,https://open.spotify.com/track/HI_ENE_900414,Energetic,Album: Bollywood Hits
Heartbeat Between Us (never give up),Coldplay,English,https://open.spotify.com/track/EN_ENE_900424,Energetic,Album: Various
Jai Ho (Jai ho),A. R. Rahman,Hindi,https://open.spotify.com/track/HI_ENE_900410,Energetic,Movie: Slumdog Millionaire
Whispers Without You (run to the beat),Arijit Singh,Hindi,https://open.spotify.com/track/HI_ENE_900391,Energetic,Movie: Original Soundtrack
Heartbeat Again (keep moving),Coldplay,English,https://open.spotify.com/track/EN_ENE_900443,Energetic,Album: Various
Midnight Forever (never give up),Papon,Hindi,https://open.spotify.com/track/HI_ENE_900409,Energetic,Movie: Various
Promise Without You (never give up),Hemanta Mukherjee,Bengali,https://open.spotify.com/track/BE_ENE_900490,Energetic,Album: Bengali Hits
Moonlight Between Us (power in motion),Shreya Ghoshal,Hindi,https://open.spotify.com/track/HI_ENE_900382,Energetic,Movie: Various
Whispers Forever (energy unleashed),Arijit Singh,Bengali,https://open.spotify.com/track/BE_ENE_900493,Energetic,Band: Various
Forever Always (fire in my veins),Ed Sheeran,English,https://open.spotify.com/track/EN_ENE_900418,Energetic,Artist: Various
Sunrise Between Us (fire in my veins),Anupam Roy,Bengali,https://open.spotify.com/track/BE_ENE_900470,Energetic,Album: Bengali Hits
Midnight Between Us (rise again),Sam Smith,English,https://open.spotify.com/track/EN_ENE_900444,Energetic,Album: Various
Midnight of Love (power in motion),Rupam Islam,Bengali,https://open.spotify.com/track/BE_ENE_900475,Energetic,Single
Midnight Again (never give up),Nachiketa,Bengali,https://open.spotify.com/track/BE_ENE_900480,Energetic,Band: Various
Sunrise Always (fire in my veins),Lata Mangeshkar,Hindi,https://open.spotify.com/track/HI_ENE_900383,Energetic,Album: Bollywood Hits
Forever of Time (never give up),Lata Mangeshkar,Hindi,https://open.spotify.com/track/HI_ENE_900388,Energetic,Movie: Original Soundtrack
Jibonpurer Rail (Jibonpurer rail),Fossils,Bengali,https://open.spotify.com/track/BE_ENE_900484,Energetic,Band: Fossils
Waves Again (power in motion),Papon,Hindi,https://open.spotify.com/track/HI_ENE_900378,Energetic,Movie: Various
Forever Always (rise again),Lata Mangeshkar,Hindi,https://open.spotify.com/track/HI_ENE_900392,Energetic,Album: Bollywood Hits
Whispers and You (energy unleashed),Sunidhi Chauhan,Hindi,https://open.spotify.com/track/HI_ENE_900413,Energetic,Album: Bollywood Hits
Believer (You made me a believer),Imagine Dragons,English,https://open.spotify.com/track/EN_ENE_900447,Energetic,Album: Evolve
Always and You (power in motion),Fossils,Bengali,https://open.spotify.com/track/BE_ENE_900472,Energetic,Single
Sunrise Again (power in motion),Kishore Kumar,Hindi,https://open.spotify.com/track/HI_ENE_900381,Energetic,Movie: Original Soundtrack
Always Forever (rise again),Coldplay,English,https://open.spotify.com/track/EN_ENE_900455,Energetic,Artist: Various
Sunrise Tonight (energy unleashed),Arijit Singh,Bengali,https://open.spotify.com/track/BE_ENE_900482,Energetic,Album: Bengali Hits
Echoes Tonight (fire in my veins),Jeet Gannguli,Bengali,https://open.spotify.com/track/BE_ENE_900485,Energetic,Single
Heartbeat Always (energy unleashed),Coldplay,English,https://open.spotify.com/track/EN_ENE_900429,Energetic,Album: Various
Waves of Time (rise again),Imagine Dragons,English,https://open.spotify.com/track/EN_ENE_900425,Energetic,Album: Various
Heartbeat and You (rise again),Imagine Dragons,English,https://open.spotify.com/track/EN_ENE_900458,Energetic,Album: Various
Moonlight of Time (never give up),The Weeknd,English,https://open.spotify.com/track/EN_ENE_900421,Energetic,Album: Various
Bondhu Chol (Bondhu chol),Cactus,Bengali,https://open.spotify.com/track/BE_ENE_900459,Energetic,Band: Cactus
Forever Always (power in motion),Ed Sheeran,English,https://open.spotify.com/track/EN_ENE_900436,Energetic,Album: Singles
Midnight Between Us (run to the beat),Cactus,Bengali,https://open.spotify.com/track/BE_ENE_900496,Energetic,Album: Bengali Hits
Promise Again (energy unleashed),Maroon 5,English,https://open.spotify.com/track/EN_ENE_900454,Energetic,Artist: Various
Whispers Always (energy unleashed),Anupam Roy,Bengali,https://open.spotify.com/track/BE_ENE_900473,Energetic,Band: Various
Midnight in You (rise again),KK,Hindi,https://open.spotify.com/track/HI_ENE_900416,Energetic,Album: Bollywood Hits
Forever of Love (never give up),Sam Smith,English,https://open.spotify.com/track/EN_ENE_900433,Energetic,Album: Singles
Whispers Between Us (keep moving),Hemanta Mukherjee,Bengali,https://open.spotify.com/track/BE_ENE_900465,Energetic,Band: Various
Moonlight Without You (power in motion),The Weeknd,English,https://open.spotify.com/track/EN_ENE_900423,Energetic,Artist: Various
Sunrise Between Us (power in motion),Cactus,Bengali,https://open.spotify.com/track/BE_ENE_900463,Energetic,Single
Whispers of Love (rise again),Nachiketa,Bengali,https://open.spotify.com/track/BE_ENE_900495,Energetic,Band: Various
"Thunder (Thunder, feel the thunder)",Imagine Dragons,English,https://open.spotify.com/track/EN_ENE_900432,Energetic,Album: Evolve
Moonlight in You (rise again),Ed Sheeran,English,https://open.spotify.com/track/EN_ENE_900450,Energetic,Album: Various
Sunrise Tonight (rise again),A.R. Rahman,Hindi,https://open.spotify.com/track/HI_ENE_900407,Energetic,Movie: Various
Waves Without You (power in motion),Cactus,Bengali,https://open.spotify.com/track/BE_ENE_900492,Energetic,Band: Various
Moonlight and You (energy unleashed),Sam Smith,English,https://open.spotify.com/track/EN_ENE_900434,Energetic,Album: Various
Sunrise Forever (fire in my veins),Christina Perri,English,https://open.spotify.com/track/EN_ENE_900438,Energetic,Artist: Various
Bondhu Chol (Bondhu chol),Cactus,Bengali,https://open.spotify.com/track/BE_ENE_900479,Energetic,Band: Cactus
Heartbeat Without You (run to the beat),Shreya Ghoshal,Hindi,https://open.spotify.com/track/HI_ENE_900412,Energetic,Album: Bollywood Hits
Heartbeat Forever (fire in my veins),A.R. Rahman,Hindi,https://open.spotify.com/track/HI_ENE_900404,Energetic,Movie: Original Soundtrack
Echoes Always (never give up),Hemanta Mukherjee,Bengali,https://open.spotify.com/track/BE_ENE_900486,Energetic,Single
Moonlight of Love (fire in my veins),Shreya Ghoshal,Hindi,https://open.spotify.com/track/HI_ENE_900376,Energetic,Movie: Various
Believer (You made me a believer),Imagine Dragons,English,https://open.spotify.com/track/EN_ENE_900427,Energetic,Album: Evolve
Forever in You (fire in my veins),Mohit Chauhan,Hindi,https://open.spotify.com/track/HI_ENE_900396,Energetic,Album: Bollywood Hits
Always of Love (energy unleashed),Arijit Singh,Hindi,https://open.spotify.com/track/HI_ENE_900377,Energetic,Movie: Original Soundtrack
Promise and You (run to the beat),A.R. Rahman,Hindi,https://open.spotify.com/track/HI_ENE_900398,Energetic,Movie: Various
Moonlight in You (rise again),Cactus,Bengali,https://open.spotify.com/track/BE_ENE_900478,Energetic,Single
Shona Bondhu (Shona bondhu),Habib Wahid,Bengali,https://open.spotify.com/track/BE_ENE_900474,Energetic,Single
Echoes and You (energy unleashed),Cactus,Bengali,https://open.spotify.com/track/BE_ENE_900462,Energetic,Band: Various
Sunrise Forever (run to the beat),Hemanta Mukherjee,Bengali,https://open.spotify.com/track/BE_ENE_900488,Energetic,Band: Various
Moonlight and You (rise again),Ed Sheeran,English,https://open.spotify.com/track/EN_ENE_900449,Energetic,Artist: Various
Moonlight Between Us (keep moving),Jeet Gannguli,Bengali,https://open.spotify.com/track/BE_ENE_900461,Energetic,Single
Titanium (You shoot me down but I won't fall),David Guetta ft. Sia,English,https://open.spotify.com/track/EN_ENE_900457,Energetic,Album: Nothing But the Beat
Ure Jayi (Ure jayi),Rupam Islam,Bengali,https://open.spotify.com/track/BE_ENE_900499,Energetic,Single
Zinda (Zinda),Siddharth Mahadevan,Hindi,https://open.spotify.com/track/HI_ENE_900395,Energetic,Movie: Bhaag Milkha Bhaag
Echoes Between Us (run to the beat),The Weeknd,English,https://open.spotify.com/track/EN_ENE_900435,Energetic,Album: Singles
Moonlight Always (rise again),Maroon 5,English,https://open.spotify.com/track/EN_ENE_900446,Energetic,Album: Singles
Heartbeat and You (fire in my veins),Rupam Islam,Bengali,https://open.spotify.com/track/BE_ENE_900481,Energetic,Album: Bengali Hits
Midnight of Love (energy unleashed),Papon,Hindi,https://open.spotify.com/track/HI_ENE_900389,Energetic,Album: Bollywood Hits
Echoes in You (rise again),Hemanta Mukherjee,Bengali,https://open.spotify.com/track/BE_ENE_900467,Energetic,Band: Various
Echoes Again (fire in my veins),Bruno Mars,English,https://open.spotify.com/track/EN_ENE_900426,Energetic,Album: Various
Whispers Between Us (rise again),Arijit Singh,Bengali,https://open.spotify.com/track/BE_ENE_900477,Energetic,Single
